<?xml version="1.0" encoding="UTF-8"?>
<!DOCTYPE mapper PUBLIC "-//mybatis.org//DTD Mapper 3.0//EN"
"http://mybatis.org/dtd/mybatis-3-mapper.dtd">
<mapper namespace="boardns">
	<select id="list" parameterType="map" resultType="board">
		select * from(select a.*, rowNum rn from(select * from board2 order by ref
		desc, re_step)a) where rn between #{startRow} and #{endRow}
	</select>
	<insert id="insert" parameterType="board">
		<!-- <selectKey keyProperty="num" order="BEFORE"
			resultType="integer">
			select nvl(max(num),0)+1 from board2
		</selectKey> -->
		insert into board2 values(#{num}, #{writer}, #{subject}, #{content}, #{email}, 0,
		#{password},#{ref},#{re_step}, #{re_level}, #{ip}, sysdate, 'n')
	</insert>
	<select id="getTotal" resultType="integer">
		select count(*) from board2
	</select>
	<select id="select" parameterType="integer" resultType="board">
		select * from board2 where num = #{num}
	</select>
	<update id="updateReadcount" parameterType="integer">
		update board2 set readcount = readcount + 1 where num = #{num}
	</update>
	<update id="update" parameterType="board">
		update board2 set writer= #{writer}, subject = #{subject}, content = #{content}, email = #{email},
		reg_date = sysdate where num = #{num}
	</update>
	<update id="delete" parameterType="integer">
		update board2 set del = 'y' where num = #{num}
	</update>
	<select id="maxNum" resultType="integer">
		<!-- ref와 num을 구분하기 위해서 -->
		select nvl(max(num),0)+1 from board2
	</select>
	<update id="updateStep" parameterType="board">
		update board2 set re_step = re_step + 1 where ref= #{ref} and re_step > #{re_step}
	</update>
</mapper>