<?xml version="1.0" encoding="UTF-8" ?>
<!DOCTYPE configuration PUBLIC "-//mybatis.org//DTD Config 3.0//EN"
"http://mybatis.org/dtd/mybatis-3-config.dtd">
<configuration>
	<typeAliases>
		<typeAlias alias="board" type="com.ch.pc.model.Board"/>
		<typeAlias alias="fee" type="com.ch.pc.model.Fee"/>
		<typeAlias alias="member1" type="com.ch.pc.model.Member1"/>
		<typeAlias alias="pc" type="com.ch.pc.model.Pc"/>
		<typeAlias alias="pcimage" type="com.ch.pc.model.Pcimage"/>
	</typeAliases>
	<mappers>
		<mapper resource="board.xml"/>
		<mapper resource="fee.xml"/>
		<mapper resource="member1.xml"/>
		<mapper resource="pc.xml"/>
	</mappers>
	
</configuration>